Results of DICE2016-R2,,,,,,,,,,,,,,,,,,,,,,,,,,,,,,,,,,,,,,,,,,,,,,,,,,,,,,,,,,,,,,,,,,,,,,,,,,,,,,,,,,,,,,,,,,,,,,,,,,,,,
,,,,,,,,,,,,,,,,,,,,,,,,,,,,,,,,,,,,,,,,,,,,,,,,,,,,,,,,,,,,,,,,,,,,,,,,,,,,,,,,,,,,,,,,,,,,,,,,,,,,,
Period,,1,2,3,4,5,6,7,8,9,10,11,12,13,14,15,16,17,18,19,20,21,22,23,24,25,26,27,28,29,30,31,32,33,34,35,36,37,38,39,40,41,42,43,44,45,46,47,48,49,50,51,52,53,54,55,56,57,58,59,60,61,62,63,64,65,66,67,68,69,70,71,72,73,74,75,76,77,78,79,80,81,82,83,84,85,86,87,88,89,90,91,92,93,94,95,96,97,98,99,100
Year,,2015,2020,2025,2030,2035,2040,2045,2050,2055,2060,2065,2070,2075,2080,2085,2090,2095,2100,2105,2110,2115,2120,2125,2130,2135,2140,2145,2150,2155,2160,2165,2170,2175,2180,2185,2190,2195,2200,2205,2210,2215,2220,2225,2230,2235,2240,2245,2250,2255,2260,2265,2270,2275,2280,2285,2290,2295,2300,2305,2310,2315,2320,2325,2330,2335,2340,2345,2350,2355,2360,2365,2370,2375,2380,2385,2390,2395,2400,2405,2410,2415,2420,2425,2430,2435,2440,2445,2450,2455,2460,2465,2470,2475,2480,2485,2490,2495,2500,2505,2510
"Industrial Emissions, GTCO2 per year",EIND,35.74038462,33.28849904,35.33819285,37.03789308,38.34942355,39.24257052,39.69443686,39.68874849,39.21516018,38.26859036,36.84860108,34.95882932,32.60646731,29.80178232,26.55765723,22.88912071,18.81281496,14.34631453,9.506005255,4.30927563,0,0,0,0,0,0,0,0,0,-16.09136373,-15.9340119,-15.76281476,-15.57812728,-15.38054848,-15.17083822,-14.94985862,-14.71853233,-14.47781256,-14.22866157,-13.97203507,-13.70887103,-13.44008165,-13.16654757,-12.88911387,-12.60858726,-12.3257343,-12.04128028,-11.75590866,-11.47026104,-11.18493738,-10.90049651,-10.61745694,-10.33629776,-10.05745974,-9.781346573,-9.508326105,-9.238731778,-8.972864036,-8.710991801,-8.453353972,-8.200160947,-7.951596121,-7.707817396,-7.46895876,-7.235131565,-7.006426164,-6.782913223,-6.564645104,-6.351657191,-6.143969169,-5.941586245,-5.744500324,-5.552691133,-5.366127256,-5.184767144,-5.008560011,-4.837446656,-4.671360139,-4.510226331,-4.353964163,-4.202485547,-4.055694617,-3.913486058,-3.775741783,-3.642324903,-3.513069225,-3.387761143,-3.266108753,-3.147688678,-3.031854145,-2.917572326,-2.827850894,-2.736402149,-2.644861589,-2.554300172,-2.465410805,-2.378632148,-2.294231464,-2.212360387,10.66546311
Emissions Control Rate,MIU,0.03,0.182602797,0.206330524,0.231929641,0.259455816,0.288968026,0.320527899,0.354199096,0.39004675,0.428136935,0.468536206,0.511311196,0.556528341,0.604253811,0.654553839,0.707495808,0.763150815,0.821599017,0.88295441,0.947340855,1,1,1,1,1,1,1,1,1,1.2,1.2,1.2,1.2,1.2,1.2,1.2,1.2,1.2,1.2,1.2,1.2,1.2,1.2,1.2,1.2,1.2,1.2,1.2,1.2,1.2,1.2,1.2,1.2,1.2,1.2,1.2,1.2,1.2,1.2,1.2,1.2,1.2,1.2,1.2,1.2,1.2,1.2,1.2,1.2,1.2,1.2,1.2,1.2,1.2,1.2,1.2,1.2,1.2,1.2,1.2,1.2,1.2,1.2,1.2,1.2,1.2,1.2,1.2,1.2,1.2,1.2,1.2,1.2,1.2,1.2,1.2,1.2,1.2,1.2,0
"Exog. land-use emissions,GTCO2 per year",ETREE,2.6,2.301,2.036385,1.802200725,1.594947642,1.411528663,1.249202867,1.105544537,0.978406915,0.86589012,0.766312756,0.678186789,0.600195308,0.531172848,0.470087971,0.416027854,0.368184651,0.325843416,0.288371423,0.255208709,0.225859708,0.199885841,0.17689897,0.156555588,0.138551696,0.122618251,0.108517152,0.096037679,0.084993346,0.075219111,0.066568914,0.058913489,0.052138437,0.046142517,0.040836128,0.036139973,0.031983876,0.02830573,0.025050571,0.022169756,0.019620234,0.017363907,0.015367058,0.013599846,0.012035864,0.010651739,0.009426789,0.008342709,0.007383297,0.006534218,0.005782783,0.005117763,0.00452922,0.00400836,0.003547398,0.003139448,0.002778411,0.002458894,0.002176121,0.001925867,0.001704392,0.001508387,0.001334923,0.001181407,0.001045545,0.000925307,0.000818897,0.000724724,0.000641381,0.000567622,0.000502345,0.000444576,0.000393449,0.000348203,0.000308159,0.000272721,0.000241358,0.000213602,0.000189038,0.000167298,0.000148059,0.000131032,0.000115964,0.000102628,9.08E-05,8.04E-05,7.11E-05,6.30E-05,5.57E-05,4.93E-05,4.36E-05,3.86E-05,3.42E-05,3.02E-05,2.68E-05,0.000023691,2.10E-05,1.86E-05,1.64E-05,1.45E-05
"Total Emissions, GTCO2 per year",E,38.34038462,35.58949904,37.37457785,38.84009381,39.94437119,40.65409919,40.94363973,40.79429303,40.1935671,39.13448048,37.61491384,35.63701611,33.20666262,30.33295517,27.0277452,23.30514856,19.18099961,14.67215795,9.794376678,4.564484339,0.225859708,0.199885841,0.17689897,0.156555588,0.138551696,0.122618251,0.108517152,0.096037679,0.084993346,-16.01614462,-15.86744299,-15.70390127,-15.52598885,-15.33440597,-15.1300021,-14.91371865,-14.68654845,-14.44950683,-14.203611,-13.94986531,-13.6892508,-13.42271774,-13.15118051,-12.87551402,-12.5965514,-12.31508256,-12.03185349,-11.74756595,-11.46287774,-11.17840316,-10.89471372,-10.61233917,-10.33176854,-10.05345138,-9.777799174,-9.505186657,-9.235953367,-8.970405142,-8.708815679,-8.451428105,-8.198456555,-7.950087733,-7.706482474,-7.467777354,-7.23408602,-7.005500857,-6.782094326,-6.56392038,-6.351015811,-6.143401547,-5.941083899,-5.744055748,-5.552297684,-5.365779054,-5.184458984,-5.00828729,-4.837205298,-4.671146537,-4.510037293,-4.353796865,-4.202337488,-4.055563585,-3.913370094,-3.775639156,-3.642234078,-3.512988844,-3.387690006,-3.266045797,-3.147632962,-3.031804836,-2.917528688,-2.827812274,-2.736367971,-2.644831341,-2.554273403,-2.465387114,-2.378611182,-2.294212908,-2.212343966,10.66547765
"Atmospheric C concentration, ppm",,399.5305164,418.4656574,434.4059587,450.8498385,467.648763,484.6335404,501.6210585,518.4195071,534.8324524,550.6620366,565.7115084,579.7872377,592.7003309,604.2679288,614.3142461,622.6713832,629.1799167,633.6892373,636.0575502,636.1506365,633.8422601,629.7992741,626.7818006,624.4609182,622.6132588,621.0871694,619.7797165,618.6210614,617.5638428,616.5759627,605.3320431,595.4582167,586.5506127,578.3362866,570.6310591,563.310886,556.2924185,549.5198074,542.9557461,536.5753953,530.3622634,524.3054147,518.3975817,512.6338885,507.010991,501.5264994,496.1785924,490.9657609,485.8866405,480.9399028,476.1241877,471.4380623,466.8799982,462.4483609,458.1414074,453.9572884,449.8940547,445.9496646,442.1219934,438.4088426,434.8079498,431.3169985,427.933627,424.6554376,421.4800049,418.404884,415.4276177,412.5457433,409.7567992,407.0583307,404.4478954,401.9230677,399.4814438,397.1206455,394.8383234,392.6321609,390.4998763,388.4392262,386.4480071,384.5240584,382.6652641,380.8695556,379.1349145,377.4593768,375.841039,374.2780675,372.7687146,371.3113439,369.9044742,368.5468525,367.2375802,365.9763305,364.7479057,363.5556144,362.4008445,361.2838297,360.2041237,359.160893,358.1530947,357.1795841
"Atmospheric concentration, GtC",MAT,851,891.3318503,925.284692,960.310156,996.0918652,1032.269441,1068.452855,1104.23355,1139.193124,1172.910138,1204.965513,1234.946816,1262.451705,1287.090688,1308.489344,1326.290046,1340.153223,1349.758075,1354.802582,1355.000856,1350.084014,1341.472454,1335.045235,1330.101756,1326.166241,1322.915671,1320.130796,1317.662861,1315.410985,1313.306801,1289.357252,1268.326002,1249.352805,1231.85629,1215.444156,1199.852187,1184.902851,1170.47719,1156.495739,1142.905592,1129.671621,1116.770533,1104.186849,1091.910183,1079.933411,1068.251444,1056.860402,1045.757071,1034.938544,1024.401993,1014.14452,1004.163073,994.4543961,985.0150087,975.8411977,966.9290243,958.2743365,949.8727856,941.7198459,933.8108347,926.1409331,918.7052069,911.4986255,904.516082,897.7524105,891.202403,884.8608256,878.7224331,872.7819823,867.0342444,861.4740171,856.0961342,850.8954754,845.8669749,841.0056289,836.3065027,831.7647366,827.3755518,823.1342552,819.0362444,815.0770126,811.2521534,807.5573678,803.9884725,800.541413,797.2122838,793.9973621,790.8931625,787.89653,785.0047958,782.2160458,779.5295841,776.9130391,774.3734586,771.9137988,769.5345572,767.2347835,765.0127021,762.8660916,760.7925141
"Atmospheric Temperature, °C ",TATM,0.85,1.016341648,1.184456622,1.354027053,1.524592941,1.695573444,1.866293008,2.036007965,2.20393098,2.369251946,2.531154765,2.688829935,2.84148321,2.988340696,3.128650816,3.261683535,3.386727152,3.503082842,3.607101066,3.698461411,3.776776082,3.842247303,3.897375529,3.944069138,3.983804706,4.017740998,4.046800198,4.071726077,4.093125949,4.111501231,4.118261113,4.115929885,4.106393783,4.091079458,4.071081053,4.047250481,4.020261592,3.990655898,3.95887531,3.925285739,3.890194228,3.853861532,3.816511437,3.778337763,3.739509687,3.700175847,3.660467553,3.62050133,3.580380963,3.54019916,3.50003892,3.459974673,3.420073238,3.380394634,3.340992774,3.301916064,3.263207921,3.224907221,3.187048704,3.149663316,3.112778527,3.076418601,3.040604852,3.005355867,2.970687707,2.936614093,2.90314658,2.87029471,2.838066155,2.806466854,2.775501139,2.745171845,2.715480426,2.686427055,2.65801072,2.630229316,2.603079733,2.576557935,2.550659038,2.525377387,2.500706626,2.476639765,2.45316925,2.430287032,2.407984637,2.386253247,2.365083796,2.344467099,2.324394021,2.304855753,2.285844228,2.267352818,2.249354361,2.231830647,2.214768485,2.198157364,2.181988091,2.166252015,2.15094062,2.136045319
"Output net damage costs, tril. 2010$",,105.0049231,125.1361971,147.4356337,171.9867318,198.8318414,228.0094553,259.5552219,293.5028455,329.8848958,368.7335413,410.0812132,453.9611923,500.4080857,549.4581193,601.1490853,655.519624,712.6071988,772.4434967,835.0864273,900.5432077,968.7523058,1039.750747,1114.130531,1191.81056,1272.741344,1356.901025,1444.301035,1535.005542,1629.173914,1727.143933,1826.219448,1928.803576,2034.767701,2143.996195,2256.38186,2371.82258,2490.21885,2611.471997,2735.482929,2862.151275,2991.374843,3123.049313,3257.068106,3393.322388,3531.701173,3672.0915,3814.378662,3958.446468,4104.177531,4251.453567,4400.155705,4550.164791,4701.361696,4853.627607,5006.844323,5160.89452,5315.662021,5471.032041,5626.89142,5783.128838,5939.635021,6096.302918,6253.027864,6409.707802,6566.243264,6722.537655,6878.49727,7034.031406,7189.052434,7343.47586,7497.220366,7650.207831,7802.363344,7953.615147,8103.894592,8253.135975,8401.276267,8548.254624,8694.011593,8838.487613,8981.620529,9123.341033,9263.564864,9402.17902,9539.017401,9673.81805,9806.147525,9935.267283,10059.89504,10177.7758,10284.89518,10465.49553,10629.19463,10780.36059,10922.08515,11056.56457,11185.363,11309.59658,11430.06301,11547.33336
"Output net damage and abatement costs, tril. 2010$",,105.0040675,125.0352313,147.2877677,171.775103,198.535235,227.6016149,259.0041272,292.769964,328.9244187,367.4916136,408.4951699,451.9588128,497.9068792,546.3646538,597.3583686,650.9145389,707.0579774,765.8071865,827.2059059,891.246615,958.2640643,1029.492613,1104.112084,1182.040807,1263.2282,1347.651015,1435.319097,1526.294837,1620.735551,1714.023225,1813.551852,1916.58537,2022.994528,2132.662938,2245.482598,2361.35059,2480.166646,2601.831392,2726.245098,2853.306836,2982.913936,3114.961674,3249.343144,3385.949254,3524.668829,3665.38878,3807.994328,3952.369265,4098.396232,4245.957016,4394.932854,4545.204736,4696.653705,4849.161147,5002.609078,5156.880417,5311.859239,5467.431028,5623.4829,5779.903821,5936.58481,6093.419109,6250.302352,6407.132777,6563.811215,6720.241363,6876.329808,7031.986134,7187.122993,7341.656168,7495.504608,7648.590456,7800.839058,7952.178902,8102.541581,8251.861622,8400.076222,8547.124751,8692.947967,8837.486507,8980.67841,9122.454552,9262.730851,9401.394479,9538.279502,9673.12413,9805.495085,9934.653997,10059.31877,10177.23461,10284.38741,10465.01568,10628.74191,10779.93395,10921.68342,11056.18651,11185.00737,11309.26214,11429.74857,11547.33336
"Gross output, tril.2010$",YGROSS,105.177422,125.4303057,147.9066674,172.7054964,199.8865127,229.507261,261.623756,296.2909121,333.5627918,373.4927031,416.1331668,461.5357605,509.7508196,560.8269273,614.8100382,671.7419058,731.6571513,794.5776555,860.5016661,929.4015536,1001.16954,1075.802728,1153.917905,1235.435513,1320.307383,1408.513014,1500.065776,1595.033385,1693.582294,1796.064466,1899.342954,2005.943737,2115.754129,2228.669671,2344.59076,2463.420273,2585.061881,2709.418869,2836.393337,2965.885679,3097.794291,3232.015435,3368.443237,3506.96977,3647.485219,3789.878083,3934.035424,4079.84313,4227.186198,4375.949023,4526.015685,4677.270237,4829.596987,4982.880764,5137.007189,5291.862914,5447.335862,5603.315451,5759.692797,5916.360909,6073.21487,6230.151988,6387.071943,6543.87699,6700.471922,6856.764332,7012.664624,7168.086108,7322.945061,7477.160778,7630.655603,7783.354947,7935.187294,8086.084135,8235.979925,8384.81191,8532.519859,8679.04556,8824.332026,8968.321968,9110.955289,9252.164471,9391.866679,9529.949817,9666.247889,9800.497746,9932.262607,10060.79699,10184.8053,10302.00831,10408.34797,10589.06802,10752.69232,10903.64841,11045.06982,11179.18235,11307.57109,11431.36705,11551.37857,11668.18431
"Damage costs, tril. 2010$",DAMAGES,0.17249886,0.29410864,0.471033646,0.718764633,1.054671371,1.49780577,2.068534133,2.788066534,3.677895932,4.759161807,6.051953598,7.574568243,9.342733877,11.36880803,13.66095299,16.22228182,19.04995254,22.13415877,25.41523879,28.85834591,32.41723426,36.05198047,39.78737409,43.62495352,47.56603921,51.61198882,55.76474042,60.02784348,64.4083804,68.92053297,73.12350588,77.14016096,80.98642753,84.6734761,88.20889958,91.5976929,94.84303142,97.94687204,100.9104076,103.7344042,106.4194482,108.9661223,111.3751307,113.6473824,115.7840464,117.7865834,119.656762,121.3966618,123.0086674,124.4954561,125.8599802,127.1054462,128.2352909,129.253157,130.1628662,130.9683936,131.6738406,132.2834093,132.801377,133.2320716,133.5798488,133.8490693,134.0440786,134.1691886,134.2286576,134.2266766,134.1673539,134.0547021,133.8926269,133.6849171,133.4352365,133.1471164,132.8239502,132.4689879,132.0853322,131.6759348,131.2435916,130.7909366,130.3204326,129.8343545,129.3347602,128.8234379,128.3018152,127.7707988,127.2304927,126.6797084,126.115108,125.5297107,124.9102528,124.2325085,123.452794,123.5724922,123.4976901,123.287819,122.9846736,122.6177824,122.2080842,121.7704712,121.3155627,120.8509484
"Damage costs, fraction of gross output",DAMFRAC,0.001640075,0.002344797,0.003184668,0.004161794,0.005276351,0.00652618,0.007906523,0.009409896,0.011026098,0.012742315,0.01454331,0.016411661,0.018328041,0.020271509,0.022219795,0.024149575,0.02603672,0.027856508,0.029535374,0.03105046,0.032379365,0.033511702,0.034480247,0.035311397,0.036026489,0.036642891,0.037174864,0.037634224,0.038030854,0.038373084,0.038499369,0.038455795,0.038277807,0.037992834,0.037622301,0.037183137,0.036688882,0.036150509,0.035577015,0.034975861,0.034353297,0.033714605,0.033064274,0.032406148,0.031743527,0.031079254,0.030415782,0.029755228,0.02909942,0.028449933,0.027808118,0.027175134,0.026551965,0.025939444,0.025338268,0.024749015,0.024172154,0.02360806,0.023057024,0.02251926,0.021994916,0.021484078,0.020986781,0.020503012,0.020032717,0.019575804,0.01913215,0.018701603,0.018283986,0.017879102,0.017486733,0.017106648,0.016738603,0.016382341,0.016037598,0.015704101,0.015381575,0.015069737,0.014768306,0.014476995,0.014195521,0.0139236,0.013660949,0.01340729,0.013162345,0.012925844,0.012697521,0.012477114,0.012264373,0.012059057,0.01186094,0.011669818,0.011485281,0.011307024,0.011134803,0.010968404,0.010807634,0.010652311,0.010502258,0.010357305
"Abatement costs, tril. 2010$",ABATECOST,0.000855642,0.100965809,0.147865986,0.211628777,0.296606411,0.407840352,0.551094688,0.732881525,0.960477144,1.241927687,1.586043249,2.002379502,2.50120651,3.093465514,3.790716659,4.605085059,5.549221365,6.636310265,7.880521324,9.296592759,10.48824151,10.25813462,10.01844661,9.769752407,9.513143905,9.250010341,8.981938264,8.710704665,8.438362536,13.12070867,12.66759569,12.21820603,11.77317328,11.33325673,10.8992621,10.47199005,10.05220315,9.640605602,9.237831407,8.844438469,8.460906667,8.0876386,7.724962101,7.3731339,7.032343966,6.702720251,6.384333613,6.07720276,5.781299131,5.496551629,5.222851173,4.960055025,4.707990885,4.466460737,4.235244434,4.014103047,3.802781946,3.601013648,3.408520427,3.225016691,3.050211148,2.883808758,2.725512488,2.575024919,2.432049574,2.296292227,2.167461953,2.04527208,1.929441003,1.819692883,1.715758227,1.617374376,1.524285901,1.436244899,1.353011237,1.274352704,1.200045099,1.129872257,1.063626003,1.001106027,0.942119667,0.886481555,0.834013084,0.784541596,0.737899111,0.693920355,0.652439606,0.613285636,0.576273354,0.541189906,0.507770691,0.479851792,0.452725704,0.426641203,0.40173197,0.378057947,0.355632119,0.33443794,0.314440731,0
Consumption Per Capita,CPC,10.48667789,11.82577907,13.2849141,14.86878193,16.58196687,18.42886369,20.41363044,22.54016331,24.81208956,27.23277648,29.80535515,32.53275982,35.41778615,38.46317692,41.67175306,45.04662723,48.59157359,52.31170035,56.21570419,60.31653377,64.63561049,69.19412396,73.9808768,78.9876766,84.20758964,89.63331082,95.25514922,101.057903,107.0154141,113.2079076,119.6445496,126.3147045,133.2091954,140.3198349,147.6390884,155.1598294,162.875162,170.7782931,178.8624419,187.1207786,195.5463835,204.1322242,212.8711435,221.7558581,230.7789633,239.9329429,249.2101829,258.6029876,268.1035973,277.7042072,287.3969863,297.1740967,307.0277131,316.9500411,326.9333355,336.9699174,347.0521908,357.1726584,367.3239361,377.4987656,387.6900303,397.8907637,408.0941503,418.2935716,428.4825607,438.6548521,448.8043707,458.9252408,469.0117908,479.0585578,489.0602914,499.011955,508.9087384,518.7460507,528.5195408,538.2251088,547.8589377,557.4175336,566.8978313,576.2973337,585.6144225,594.8488349,604.0025573,613.0814049,622.0977661,631.0755023,640.0585241,649.1262257,658.4207608,668.1967145,663.3185128,674.9685115,685.5283787,695.2798296,704.4222654,713.0973346,721.4059197,729.4200085,737.1910535,744.7749539
Real interest Rate,,0.050997478,0.049831136,0.04870145,0.047612402,0.046564915,0.045558489,0.044592052,0.043664386,0.042774328,0.041920858,0.041103144,0.040320577,0.039572846,0.038860088,0.038183183,0.037544328,0.036948113,0.036408819,0.035938256,0.035562538,0.035259625,0.034881486,0.034459764,0.03401227,0.033547215,0.033064788,0.03255637,0.032000952,0.031693908,0.03140855,0.031095116,0.030764203,0.030423255,0.030077513,0.029730661,0.029385287,0.029043199,0.028705646,0.028373488,0.028047299,0.027727454,0.027414185,0.027107621,0.026807817,0.026514774,0.026228459,0.025948807,0.025675737,0.025409153,0.025148947,0.024895007,0.024647215,0.02440545,0.024169589,0.023939509,0.023715086,0.023496196,0.023282717,0.023074526,0.022871505,0.022673535,0.022480492,0.022292278,0.022108761,0.02192984,0.021755403,0.021585344,0.021419557,0.021257941,0.021100395,0.020946821,0.020797129,0.020651227,0.020509034,0.020370478,0.020235505,0.020104083,0.019976232,0.019852039,0.019731739,0.019615782,0.019505022,0.019401008,0.019306484,0.019226295,0.019168912,0.019149248,0.01919341,0.019347542,0.012845491,0.020137815,0.019579748,0.019166073,0.01885256,0.018609228,0.018415499,0.018257116,0.018124137,0.01801715,0
"Capital, tril. 2010$",K,223,268.5352253,319.3989344,376.0469106,438.6722815,507.4629231,582.6026924,664.2725223,752.6514269,847.9174236,950.2483107,1059.822142,1176.817051,1301.409718,1433.771099,1574.056638,1722.38553,1878.798243,2043.171067,2215.197433,2393.954697,2579.377451,2776.399658,2984.449736,3203.23668,3432.723606,3673.183479,3925.37447,4190.919024,4473.051412,4746.008832,5031.007804,5327.487125,5634.979188,5953.080922,6281.433037,6619.70492,6967.583563,7324.765454,7690.950692,8065.838814,8449.125908,8840.502741,9239.653643,9646.255957,10059.97995,10480.48905,10907.44029,11340.48496,11779.26935,12223.43564,12672.62273,13126.4672,13584.60421,14046.66844,14512.29499,14981.12022,15452.78265,15926.92374,16403.18863,16881.22695,17360.69333,17841.24811,18322.55847,18804.29758,19286.14655,19767.79411,20248.93716,20729.28107,21208.54001,21686.43706,22162.70433,22637.08301,23109.32277,23579.18146,24046.42356,24510.81779,24972.13251,25430.12819,25884.543,26335.06874,26781.3063,27222.68921,27658.34806,28086.87074,28505.88117,28911.29514,29296.00956,29647.57295,29944.04837,30146.56959,31082.41043,31868.27676,32543.7575,33137.87012,33671.74163,34160.68347,34615.7568,35044.9345,35453.95471
"Savings rate, S",S,0.260667912,0.257258003,0.25452899,0.252213898,0.250264219,0.248636998,0.247294483,0.246203634,0.24533556,0.244664931,0.244169358,0.243828711,0.243624277,0.243537597,0.243548657,0.243632852,0.243755629,0.243862818,0.243887367,0.24368177,0.243308955,0.243479759,0.243637131,0.243806973,0.244016779,0.244305759,0.244739495,0.245434186,0.246598606,0.245587886,0.245764911,0.245929805,0.246085818,0.246235072,0.246378955,0.246518373,0.24665391,0.246785941,0.246914699,0.247040332,0.24716293,0.247282554,0.247399244,0.247513035,0.247623961,0.247732056,0.24783736,0.247939917,0.248039775,0.248136986,0.248231607,0.248323696,0.248413316,0.248500527,0.248585394,0.248667979,0.248748345,0.248826554,0.248902666,0.248976741,0.249048834,0.249118998,0.249187301,0.249253771,0.249318471,0.249381443,0.24944273,0.249502374,0.249560411,0.249616873,0.249671786,0.249725169,0.249777019,0.249827313,0.249875983,0.249922881,0.249967725,0.250010009,0.250048813,0.250082531,0.250108311,0.250121184,0.250112467,0.250067005,0.249958389,0.249740566,0.249333229,0.24859592,0.247282213,0.244956689,0.258278146,0.258278146,0.258278146,0.258278146,0.258278146,0.258278146,0.258278146,0.258278146,0.258278146,0.258278146
"Investment, tril 2010$ per year",I,27.37119107,32.16631385,37.48900677,43.32406825,49.68626552,56.59018219,64.05029168,72.08102906,80.6968565,89.91231025,99.74200347,110.2005348,121.3022036,133.0603348,145.4858284,158.5841652,172.3493623,186.7518985,201.74507,217.1805529,233.1542285,250.6606133,269.0027004,288.189791,308.2488759,329.2389034,351.2792715,374.6049306,399.6711276,420.9433408,445.7074096,471.3454653,497.8302631,525.1364123,553.2396566,582.1163052,611.7428011,642.0954071,673.1499879,704.8818678,737.2657494,770.2756768,803.8850357,838.0665755,872.7924549,908.0342983,943.7632621,979.9501076,1016.565278,1053.578976,1090.961244,1128.68204,1166.711319,1205.019101,1243.575548,1282.351031,1321.316195,1360.442023,1399.699887,1439.061619,1478.499526,1517.98646,1557.495975,1597.002006,1636.479375,1675.903487,1715.250483,1754.497234,1793.621366,1832.601254,1871.416023,1910.045546,1948.470325,1986.671491,2024.63054,2062.32903,2099.747942,2136.866733,2173.661322,2210.100989,2246.142312,2281.71913,2316.724463,2350.978558,2384.172973,2415.771475,2444.835778,2469.714452,2487.490605,2492.981693,2656.23251,2702.884844,2745.171751,2784.221351,2820.83214,2855.57135,2888.842963,2920.935255,2952.054266,2982.423847
"Radiative forcing, Wm-2",FORC,2.463395501,2.73873109,2.966692533,3.193433435,3.417138201,3.636022363,3.848408215,4.05276305,4.24771184,4.432033236,4.60464525,4.764585078,4.910985927,5.043052624,5.16003687,5.261212401,5.345849717,5.413189517,5.433001512,5.433778712,5.414471856,5.38048699,5.354979981,5.335277641,5.319540143,5.30650637,5.295314394,5.285376398,5.276292186,5.267789705,5.170044102,5.082699944,5.002651269,4.92774794,4.856513497,4.787942208,4.721355192,4.656299405,4.59247719,4.529697354,4.467841303,4.40683965,4.346656075,4.287276211,4.228699986,4.170936373,4.113999768,4.057907526,4.002678266,3.948330731,3.894883012,3.84235204,3.79075325,3.74010038,3.69040535,3.641678204,3.593927094,3.547158301,3.501376271,3.456583664,3.412781425,3.369968851,3.32814367,3.287302124,3.247439049,3.208547959,3.170621136,3.133649711,3.09762375,3.062532333,3.028363643,2.995105038,2.962743134,2.931263878,2.900652619,2.870894183,2.841972937,2.81387286,2.7865776,2.760070544,2.73433488,2.709353666,2.685109905,2.66158664,2.638767073,2.616634741,2.595173771,2.574369301,2.554208143,2.534679902,2.515778867,2.497507269,2.479650567,2.462261507,2.445365232,2.428970072,2.413074269,2.397670142,2.382746652,2.368290969
"Exog. (other) forcing, Wm-2",FORCOTH,0.5,0.529411765,0.558823529,0.588235294,0.617647059,0.647058824,0.676470588,0.705882353,0.735294118,0.764705882,0.794117647,0.823529412,0.852941177,0.882352941,0.911764706,0.941176471,0.970588235,1,1,1,1,1,1,1,1,1,1,1,1,1,1,1,1,1,1,1,1,1,1,1,1,1,1,1,1,1,1,1,1,1,1,1,1,1,1,1,1,1,1,1,1,1,1,1,1,1,1,1,1,1,1,1,1,1,1,1,1,1,1,1,1,1,1,1,1,1,1,1,1,1,1,1,1,1,1,1,1,1,1,1
"Consumption, tril 2010$",C,77.63287641,92.8689174,109.798761,128.4510348,148.8489694,171.0114327,194.9538355,220.688935,248.2275622,277.5793033,308.7531665,341.7582779,376.6046756,413.304319,451.8725402,492.3303737,534.7086151,579.055288,625.460836,674.0660621,725.1098358,778.8319995,835.1093838,893.8510165,954.9793237,1018.412111,1084.039825,1151.689906,1221.064424,1293.079884,1367.844443,1445.239904,1525.164265,1607.526526,1692.242942,1779.234285,1868.423845,1959.735985,2053.09511,2148.424968,2245.648187,2344.685998,2445.458108,2547.882678,2651.876374,2757.354481,2864.231066,2972.419158,3081.830954,3192.37804,3303.97161,3416.522696,3529.942386,3644.142046,3759.033531,3874.529386,3990.543044,4106.989005,4223.783013,4340.842202,4458.085284,4575.432649,4692.806377,4810.130771,4927.33184,5044.337876,5161.079325,5277.488899,5393.501627,5509.054913,5624.088586,5738.54491,5852.368733,5965.507412,6077.911041,6189.532593,6300.32828,6410.258019,6519.286645,6627.385519,6734.536097,6840.735421,6946.006389,7050.415921,7154.106529,7257.352655,7360.659307,7464.939545,7571.828165,7684.252914,7628.1549,7762.130835,7883.570157,7995.712597,8100.851275,8200.61516,8296.164407,8388.326885,8477.694304,8564.90951
Welfare,UTILITY,4520.557774,,,,,,,,,,,,,,,,,,,,,,,,,,,,,,,,,,,,,,,,,,,,,,,,,,,,,,,,,,,,,,,,,,,,,,,,,,,,,,,,,,,,,,,,,,,,,,,,,,,
"Carbon concentration, upper oceans",MU,460,471.2893023,485.127681,500.2323067,516.4749865,533.7155977,551.7992289,570.5556222,589.8000634,609.3351339,628.9529231,648.4374393,667.5670459,686.1168156,703.8607388,720.5737486,736.0335433,750.0221887,762.3274827,772.7440419,781.0738521,787.1268103,790.9218309,793.1794519,794.3898469,794.8865754,794.8967111,794.5749147,794.0265948,793.3236533,792.5151894,789.0011669,783.6809956,777.1682477,769.8821575,762.1097661,754.0481319,745.8330016,737.5582874,729.2893002,721.0717436,712.9378281,704.9104312,697.0059294,689.2361299,681.6095896,674.1325192,666.8094043,659.6434363,652.6368115,645.7909424,639.1066091,632.5840688,626.2231375,620.0232526,613.983522,608.1027637,602.3795392,596.8121818,591.398822,586.1374093,581.025733,576.0614407,571.2420554,566.5649919,562.0275712,557.6270349,553.3605579,549.2252606,545.2182204,541.3364817,537.5770663,533.9369817,530.4132299,527.0028148,523.7027493,520.510062,517.4218023,514.4350465,511.5469023,508.7545135,506.0550638,503.4457808,500.9239401,498.4868694,496.1319532,493.8566392,491.6584473,489.5349836,487.4839622,485.5032421,483.5908877,481.7452737,479.9612208,478.2354477,476.5656944,474.9502203,473.3875244,471.8761981,470.4148526
"Carbon concentration, lower oceans",ML,1740,1740.670698,1741.419438,1742.26395,1743.212956,1744.274272,1745.454716,1746.760017,1748.1947,1749.761991,1751.463733,1753.300305,1755.270578,1757.371872,1759.599936,1761.948942,1764.411499,1766.978665,1769.639991,1772.383555,1775.196016,1778.062664,1780.967483,1783.894612,1786.833255,1789.776065,1792.718041,1795.655778,1798.586958,1801.510005,1804.423849,1807.327764,1810.202827,1813.036436,1815.820305,1818.549092,1821.219475,1823.829513,1826.378222,1828.865274,1831.290798,1833.655247,1835.959293,1838.203772,1840.389632,1842.5179,1844.589664,1846.606053,1848.568226,1850.477363,1852.334656,1854.141307,1855.898521,1857.607502,1859.269453,1860.88557,1862.457041,1863.985044,1865.470746,1866.9153,1868.319844,1869.6855,1871.013373,1872.304551,1873.560102,1874.781073,1875.968494,1877.123371,1878.246691,1879.339418,1880.402495,1881.436842,1882.443358,1883.422918,1884.376377,1885.304566,1886.208295,1887.088351,1887.9455,1888.780485,1889.594031,1890.386837,1891.159586,1891.912938,1892.647533,1893.363993,1894.062918,1894.744892,1895.410479,1896.060228,1896.694667,1897.314311,1897.919661,1898.511205,1899.089394,1899.654655,1900.2074,1900.748027,1901.276923,1901.794464
"Lower oceans temperature, °C ",TOCEAN,0.0068,0.02788,0.052591541,0.080888168,0.11271664,0.148013548,0.186702545,0.228692307,0.273875198,0.322126593,0.373304727,0.427250978,0.483790452,0.542732771,0.603872969,0.666992415,0.731859693,0.798231379,0.865852666,0.934383876,1.003485814,1.072818071,1.142053802,1.210936845,1.279265152,1.346878641,1.4136502,1.47947895,1.544285128,1.608006149,1.670593526,1.731785215,1.791388832,1.849263956,1.905309344,1.959453636,2.011648557,2.061863883,2.110083684,2.156303474,2.200528031,2.242769686,2.283046982,2.321383593,2.357807448,2.392350004,2.42504565,2.455931197,2.485045451,2.512428838,2.538123096,2.562170992,2.584616084,2.605502513,2.624874816,2.642777765,2.659256222,2.674355015,2.68811882,2.700592067,2.711818848,2.72184284,2.730707234,2.738454675,2.745127205,2.750766217,2.755412414,2.759105768,2.761885492,2.763790008,2.764856929,2.765123035,2.764624255,2.763395659,2.761471444,2.758884926,2.755668536,2.751853816,2.747471419,2.742551109,2.737121766,2.731211388,2.724847097,2.718055151,2.710860948,2.70328904,2.695363145,2.687106162,2.678540185,2.669686531,2.660565761,2.651197723,2.6416016,2.631795419,2.6217963,2.611620605,2.601284024,2.590801625,2.580187885,2.569456704